"row","count.x","abv","ibu","id","beer","style","brewery_id","ounces","style2","count.y","brewery","city","state","label"
"1",1,0.05,NA,1436,"Pub Beer","American Pale Lager",408,12,NA,409,"10 Barrel Brewing Company","Bend","OR","Pub Beer (10 Barrel Brewing Company)"
"2",2,0.066,NA,2265,"Devil's Cup","American Pale Ale (APA)",177,12,"American Pale Ale (APA)",178,"18th Street Brewery","Gary","IN","Devil's Cup (18th Street Brewery)"
"3",3,0.071,NA,2264,"Rise of the Phoenix","American IPA",177,12,"American IPA",178,"18th Street Brewery","Gary","IN","Rise of the Phoenix (18th Street Brewery)"
"4",4,0.09,NA,2263,"Sinister","American Double / Imperial IPA",177,12,"American Double / Imperial IPA",178,"18th Street Brewery","Gary","IN","Sinister (18th Street Brewery)"
"5",5,0.075,NA,2262,"Sex and Candy","American IPA",177,12,"American IPA",178,"18th Street Brewery","Gary","IN","Sex and Candy (18th Street Brewery)"
"6",6,0.077,NA,2261,"Black Exodus","Oatmeal Stout",177,12,NA,178,"18th Street Brewery","Gary","IN","Black Exodus (18th Street Brewery)"
"7",7,0.045,NA,2260,"Lake Street Express","American Pale Ale (APA)",177,12,"American Pale Ale (APA)",178,"18th Street Brewery","Gary","IN","Lake Street Express (18th Street Brewery)"
"8",8,0.065,NA,2259,"Foreman","American Porter",177,12,NA,178,"18th Street Brewery","Gary","IN","Foreman (18th Street Brewery)"
"9",9,0.055,NA,2258,"Jade","American Pale Ale (APA)",177,12,"American Pale Ale (APA)",178,"18th Street Brewery","Gary","IN","Jade (18th Street Brewery)"
"10",10,0.086,NA,2131,"Cone Crusher","American Double / Imperial IPA",177,12,"American Double / Imperial IPA",178,"18th Street Brewery","Gary","IN","Cone Crusher (18th Street Brewery)"
"11",11,0.072,NA,2099,"Sophomoric Saison","Saison / Farmhouse Ale",177,12,NA,178,"18th Street Brewery","Gary","IN","Sophomoric Saison (18th Street Brewery)"
"12",12,0.073,NA,2098,"Regional Ring Of Fire","Saison / Farmhouse Ale",177,12,NA,178,"18th Street Brewery","Gary","IN","Regional Ring Of Fire (18th Street Brewery)"
"13",13,0.069,NA,2097,"Garce SelÃ©","Saison / Farmhouse Ale",177,12,NA,178,"18th Street Brewery","Gary","IN","Garce SelÃ© (18th Street Brewery)"
"14",14,0.085,NA,1980,"Troll Destroyer","Belgian IPA",177,12,NA,178,"18th Street Brewery","Gary","IN","Troll Destroyer (18th Street Brewery)"
"15",15,0.061,60,1979,"Bitter Bitch","American Pale Ale (APA)",177,12,"American Pale Ale (APA)",178,"18th Street Brewery","Gary","IN","Bitter Bitch (18th Street Brewery)"
"16",16,0.06,NA,2318,"Ginja Ninja","Cider",154,12,NA,155,"2 Towns Ciderhouse","Corvallis","OR","Ginja Ninja (2 Towns Ciderhouse)"
"17",17,0.06,NA,2170,"Cherried Away","Cider",154,12,NA,155,"2 Towns Ciderhouse","Corvallis","OR","Cherried Away (2 Towns Ciderhouse)"
"18",18,0.06,NA,2169,"Rhubarbarian","Cider",154,12,NA,155,"2 Towns Ciderhouse","Corvallis","OR","Rhubarbarian (2 Towns Ciderhouse)"
"19",19,0.06,NA,1502,"BrightCider","Cider",154,12,NA,155,"2 Towns Ciderhouse","Corvallis","OR","BrightCider (2 Towns Ciderhouse)"
"20",20,0.0819999999999999,NA,1593,"He Said Baltic-Style Porter","Baltic Porter",368,12,NA,369,"21st Amendment Brewery","San Francisco","CA","He Said Baltic-Style Porter (21st Amendment Brewery)"
"21",21,0.0819999999999999,NA,1592,"He Said Belgian-Style Tripel","Tripel",368,12,NA,369,"21st Amendment Brewery","San Francisco","CA","He Said Belgian-Style Tripel (21st Amendment Brewery)"
"22",22,0.099,92,1036,"Lower De Boom","American Barleywine",368,8.4,NA,369,"21st Amendment Brewery","San Francisco","CA","Lower De Boom (21st Amendment Brewery)"
"23",23,0.079,45,1024,"Fireside Chat","Winter Warmer",368,12,NA,369,"21st Amendment Brewery","San Francisco","CA","Fireside Chat (21st Amendment Brewery)"
"24",24,0.079,NA,976,"Marooned On Hog Island","American Stout",368,12,NA,369,"21st Amendment Brewery","San Francisco","CA","Marooned On Hog Island (21st Amendment Brewery)"
"25",25,0.044,42,876,"Bitter American","American Pale Ale (APA)",368,12,"American Pale Ale (APA)",369,"21st Amendment Brewery","San Francisco","CA","Bitter American (21st Amendment Brewery)"
"26",26,0.049,17,802,"Hell or High Watermelon Wheat (2009)","Fruit / Vegetable Beer",368,12,NA,369,"21st Amendment Brewery","San Francisco","CA","Hell or High Watermelon Wheat (2009) (21st Amendment Brewery)"
"27",27,0.049,17,801,"Hell or High Watermelon Wheat (2009)","Fruit / Vegetable Beer",368,12,NA,369,"21st Amendment Brewery","San Francisco","CA","Hell or High Watermelon Wheat (2009) (21st Amendment Brewery)"
"28",28,0.049,17,800,"21st Amendment Watermelon Wheat Beer (2006)","Fruit / Vegetable Beer",368,12,NA,369,"21st Amendment Brewery","San Francisco","CA","21st Amendment Watermelon Wheat Beer (2006) (21st Amendment Brewery)"
"29",29,0.07,70,799,"21st Amendment IPA (2006)","American IPA",368,12,"American IPA",369,"21st Amendment Brewery","San Francisco","CA","21st Amendment IPA (2006) (21st Amendment Brewery)"
"30",30,0.07,70,797,"Brew Free! or Die IPA (2008)","American IPA",368,12,"American IPA",369,"21st Amendment Brewery","San Francisco","CA","Brew Free! or Die IPA (2008) (21st Amendment Brewery)"
"31",31,0.07,70,796,"Brew Free! or Die IPA (2009)","American IPA",368,12,"American IPA",369,"21st Amendment Brewery","San Francisco","CA","Brew Free! or Die IPA (2009) (21st Amendment Brewery)"
"32",32,0.085,52,531,"Special Edition: Allies Win The War!","English Strong Ale",368,12,NA,369,"21st Amendment Brewery","San Francisco","CA","Special Edition: Allies Win The War! (21st Amendment Brewery)"
"33",33,0.0969999999999999,94,432,"Hop Crisis","American Double / Imperial IPA",368,12,"American Double / Imperial IPA",369,"21st Amendment Brewery","San Francisco","CA","Hop Crisis (21st Amendment Brewery)"
"34",34,0.044,42,353,"Bitter American (2011)","American Pale Ale (APA)",368,12,"American Pale Ale (APA)",369,"21st Amendment Brewery","San Francisco","CA","Bitter American (2011) (21st Amendment Brewery)"
"35",35,0.079,45,321,"Fireside Chat (2010)","Winter Warmer",368,12,NA,369,"21st Amendment Brewery","San Francisco","CA","Fireside Chat (2010) (21st Amendment Brewery)"
"36",36,0.068,65,173,"Back in Black","American Black Ale",368,12,NA,369,"21st Amendment Brewery","San Francisco","CA","Back in Black (21st Amendment Brewery)"
"37",37,0.083,35,11,"Monk's Blood","Belgian Dark Ale",368,12,NA,369,"21st Amendment Brewery","San Francisco","CA","Monk's Blood (21st Amendment Brewery)"
"38",38,0.07,65,10,"Brew Free! or Die IPA","American IPA",368,12,"American IPA",369,"21st Amendment Brewery","San Francisco","CA","Brew Free! or Die IPA (21st Amendment Brewery)"
"39",39,0.049,17,9,"Hell or High Watermelon Wheat","Fruit / Vegetable Beer",368,12,NA,369,"21st Amendment Brewery","San Francisco","CA","Hell or High Watermelon Wheat (21st Amendment Brewery)"
"40",40,0.07,82,2519,"Bimini Twist","American IPA",67,12,"American IPA",68,"3 Daughters Brewing","St Petersburg","FL","Bimini Twist (3 Daughters Brewing)"
"41",41,0.05,NA,2518,"Beach Blonde","American Blonde Ale",67,12,"American Blonde Ale",68,"3 Daughters Brewing","St Petersburg","FL","Beach Blonde (3 Daughters Brewing)"
"42",42,0.059,NA,2517,"Rod Bender Red","American Amber / Red Ale",67,12,"American Amber / Red Ale",68,"3 Daughters Brewing","St Petersburg","FL","Rod Bender Red (3 Daughters Brewing)"
"43",43,0.035,11,2545,"Passion Fruit Prussia","Berliner Weissbier",60,12,NA,61,"4 Hands Brewing Company","Saint Louis","MO","Passion Fruit Prussia (4 Hands Brewing Company)"
"44",44,0.045,18,2544,"Send Help","American Blonde Ale",60,12,"American Blonde Ale",61,"4 Hands Brewing Company","Saint Louis","MO","Send Help (4 Hands Brewing Company)"
"45",45,0.055,NA,2324,"Cast Iron Oatmeal Brown","American Brown Ale",60,12,NA,61,"4 Hands Brewing Company","Saint Louis","MO","Cast Iron Oatmeal Brown (4 Hands Brewing Company)"
"46",46,0.06,NA,2288,"Reprise Centennial Red","American Amber / Red Ale",60,12,"American Amber / Red Ale",61,"4 Hands Brewing Company","Saint Louis","MO","Reprise Centennial Red (4 Hands Brewing Company)"
"47",47,0.055,NA,2287,"Alter Ego","American Black Ale",60,12,NA,61,"4 Hands Brewing Company","Saint Louis","MO","Alter Ego (4 Hands Brewing Company)"
"48",48,0.065,NA,2286,"Divided Sky","American IPA",60,12,"American IPA",61,"4 Hands Brewing Company","Saint Louis","MO","Divided Sky (4 Hands Brewing Company)"
"49",49,0.065,NA,2285,"Resurrected","American IPA",60,12,"American IPA",61,"4 Hands Brewing Company","Saint Louis","MO","Resurrected (4 Hands Brewing Company)"
"50",50,0.05,28,1870,"Contact High","American Pale Wheat Ale",60,12,"American Pale Wheat Ale",61,"4 Hands Brewing Company","Saint Louis","MO","Contact High (4 Hands Brewing Company)"
"51",51,0.065,NA,2603,"Galaxyfest","American IPA",27,16,"American IPA",28,"450 North Brewing Company","Columbus","IN","Galaxyfest (450 North Brewing Company)"
"52",52,0.05,45,2602,"Citrafest","American IPA",27,16,"American IPA",28,"450 North Brewing Company","Columbus","IN","Citrafest (450 North Brewing Company)"
"53",53,0.09,NA,2220,"Barn Yeti","Belgian Strong Dark Ale",27,16,NA,28,"450 North Brewing Company","Columbus","IN","Barn Yeti (450 North Brewing Company)"
"54",54,0.069,65,2219,"Scarecrow","American IPA",27,16,"American IPA",28,"450 North Brewing Company","Columbus","IN","Scarecrow (450 North Brewing Company)"
"55",55,0.09,50,2218,"Ironman","English Strong Ale",27,16,NA,28,"450 North Brewing Company","Columbus","IN","Ironman (450 North Brewing Company)"
"56",56,0.046,15,2217,"Honey Kolsch","KÃ¶lsch",27,16,NA,28,"450 North Brewing Company","Columbus","IN","Honey Kolsch (450 North Brewing Company)"
"57",57,0.052,18,2216,"Copperhead Amber","Belgian Dark Ale",27,16,NA,28,"450 North Brewing Company","Columbus","IN","Copperhead Amber (450 North Brewing Company)"
"58",58,0.059,75,972,"Rude Parrot IPA","American IPA",481,16,"American IPA",482,"7 Seas Brewing Company","Gig Harbor","WA","Rude Parrot IPA (7 Seas Brewing Company)"
"59",59,0.054,30,866,"British Pale Ale (2010)","English Pale Ale",481,16,NA,482,"7 Seas Brewing Company","Gig Harbor","WA","British Pale Ale (2010) (7 Seas Brewing Company)"
"60",60,0.054,30,48,"British Pale Ale","English Pale Ale",481,16,NA,482,"7 Seas Brewing Company","Gig Harbor","WA","British Pale Ale (7 Seas Brewing Company)"
"61",61,0.084,82,47,"Ballz Deep Double IPA","American Double / Imperial IPA",481,16,"American Double / Imperial IPA",482,"7 Seas Brewing Company","Gig Harbor","WA","Ballz Deep Double IPA (7 Seas Brewing Company)"
"62",62,0.038,NA,1583,"Wolfman's Berliner","Berliner Weissbier",373,12,NA,374,"7venth Sun","Dunedin","FL","Wolfman's Berliner (7venth Sun)"
"63",63,0.055,26,1165,"Colorado Native","American Amber / Red Lager",462,12,NA,463,"AC Golden Brewing Company","Golden","CO","Colorado Native (AC Golden Brewing Company)"
"64",64,0.055,26,431,"Colorado Native (2011)","American Amber / Red Lager",462,12,NA,463,"AC Golden Brewing Company","Golden","CO","Colorado Native (2011) (AC Golden Brewing Company)"
"65",65,0.065,52,516,"Jockamo IPA","American IPA",533,12,"American IPA",534,"Abita Brewing Company","Abita Springs","LA","Jockamo IPA (Abita Brewing Company)"
"66",66,0.042,13,515,"Purple Haze","Fruit / Vegetable Beer",533,12,NA,534,"Abita Brewing Company","Abita Springs","LA","Purple Haze (Abita Brewing Company)"
"67",67,0.045,17,514,"Abita Amber","American Amber / Red Lager",533,12,NA,534,"Abita Brewing Company","Abita Springs","LA","Abita Amber (Abita Brewing Company)"
"68",68,0.0819999999999999,68,2540,"Citra Ass Down","American IPA",62,16,"American IPA",63,"Against The Grain Brewery","Louisville","KY","Citra Ass Down (Against The Grain Brewery)"
"69",69,0.05,20,2539,"The Brown Note","American Brown Ale",62,16,NA,63,"Against The Grain Brewery","Louisville","KY","The Brown Note (Against The Grain Brewery)"
"70",70,0.08,68,2686,"Citra Ass Down","American Double / Imperial IPA",1,16,"American Double / Imperial IPA",2,"Against the Grain Brewery","Louisville","KY","Citra Ass Down (Against the Grain Brewery)"
"71",71,0.125,80,2685,"London Balling","English Barleywine",1,16,NA,2,"Against the Grain Brewery","Louisville","KY","London Balling (Against the Grain Brewery)"
"72",72,0.077,25,2684,"35 K","Milk / Sweet Stout",1,16,NA,2,"Against the Grain Brewery","Louisville","KY","35 K (Against the Grain Brewery)"
"73",73,0.042,42,2683,"A Beer","American Pale Ale (APA)",1,16,"American Pale Ale (APA)",2,"Against the Grain Brewery","Louisville","KY","A Beer (Against the Grain Brewery)"
"74",74,0.05,25,2682,"Rules are Rules","German Pilsener",1,16,NA,2,"Against the Grain Brewery","Louisville","KY","Rules are Rules (Against the Grain Brewery)"
"75",75,0.066,21,2681,"Flesh Gourd'n","Pumpkin Ale",1,16,NA,2,"Against the Grain Brewery","Louisville","KY","Flesh Gourd'n (Against the Grain Brewery)"
"76",76,0.04,13,2680,"Sho'nuff","Belgian Pale Ale",1,16,NA,2,"Against the Grain Brewery","Louisville","KY","Sho'nuff (Against the Grain Brewery)"
"77",77,0.055,17,2679,"Bloody Show","American Pilsner",1,16,NA,2,"Against the Grain Brewery","Louisville","KY","Bloody Show (Against the Grain Brewery)"
"78",78,0.076,68,2678,"Rico Sauvin","American Double / Imperial IPA",1,16,"American Double / Imperial IPA",2,"Against the Grain Brewery","Louisville","KY","Rico Sauvin (Against the Grain Brewery)"
"79",79,0.051,38,2677,"Coq de la Marche","Saison / Farmhouse Ale",1,16,NA,2,"Against the Grain Brewery","Louisville","KY","Coq de la Marche (Against the Grain Brewery)"
"80",80,0.065,NA,2676,"Kamen Knuddeln","American Wild Ale",1,16,NA,2,"Against the Grain Brewery","Louisville","KY","Kamen Knuddeln (Against the Grain Brewery)"
"81",81,0.06,65,2675,"Pile of Face","American IPA",1,16,"American IPA",2,"Against the Grain Brewery","Louisville","KY","Pile of Face (Against the Grain Brewery)"
"82",82,0.05,20,2674,"The Brown Note","English Brown Ale",1,16,NA,2,"Against the Grain Brewery","Louisville","KY","The Brown Note (Against the Grain Brewery)"
"83",83,0.053,35,1594,"Maylani's Coconut Stout","American Stout",367,16,NA,368,"Airways Brewing Company","Kent","WA","Maylani's Coconut Stout (Airways Brewing Company)"
"84",84,0.05,35,1162,"Oatmeal PSA","American Pale Ale (APA)",367,16,"American Pale Ale (APA)",368,"Airways Brewing Company","Kent","WA","Oatmeal PSA (Airways Brewing Company)"
"85",85,0.052,33,1137,"Pre Flight Pilsner","American Pilsner",367,16,NA,368,"Airways Brewing Company","Kent","WA","Pre Flight Pilsner (Airways Brewing Company)"
"86",86,0.04,20,2403,"P-Town Pilsner","American Pilsner",117,12,NA,118,"Alameda Brewing","Portland","OR","P-Town Pilsner (Alameda Brewing)"
"87",87,0.053,36,2402,"Klickitat Pale Ale","American Pale Ale (APA)",117,12,"American Pale Ale (APA)",118,"Alameda Brewing","Portland","OR","Klickitat Pale Ale (Alameda Brewing)"
"88",88,0.0819999999999999,103,2401,"Yellow Wolf Imperial IPA","American Double / Imperial IPA",117,12,"American Double / Imperial IPA",118,"Alameda Brewing","Portland","OR","Yellow Wolf Imperial IPA (Alameda Brewing)"
"89",89,0.053,40,1921,"Freeride APA","American Pale Ale (APA)",270,12,"American Pale Ale (APA)",271,"Alaskan Brewing Company","Juneau","AK","Freeride APA (Alaskan Brewing Company)"
"90",90,0.053,18,1920,"Alaskan Amber","Altbier",270,12,NA,271,"Alaskan Brewing Company","Juneau","AK","Alaskan Amber (Alaskan Brewing Company)"
"91",91,0.057,NA,2501,"Hopalicious","American Pale Ale (APA)",73,12,"American Pale Ale (APA)",74,"Ale Asylum","Madison","WI","Hopalicious (Ale Asylum)"
"92",92,0.043,NA,1535,"Kentucky KÃ¶lsch","KÃ¶lsch",388,16,NA,389,"Alltech's Lexington Brewing Company","Lexington","KY","Kentucky KÃ¶lsch (Alltech's Lexington Brewing Company)"
"93",93,0.065,NA,1149,"Kentucky IPA","American IPA",388,16,"American IPA",389,"Alltech's Lexington Brewing Company","Lexington","KY","Kentucky IPA (Alltech's Lexington Brewing Company)"
"94",94,0.054,NA,1474,"Dusty Trail Pale Ale","American Pale Ale (APA)",401,16,"American Pale Ale (APA)",402,"Amnesia Brewing Company","Washougal","WA","Dusty Trail Pale Ale (Amnesia Brewing Company)"
"95",95,0.062,NA,1473,"Damnesia","American IPA",401,16,"American IPA",402,"Amnesia Brewing Company","Washougal","WA","Damnesia (Amnesia Brewing Company)"
"96",96,0.062,43,837,"Desolation IPA","American IPA",401,16,"American IPA",402,"Amnesia Brewing Company","Washougal","WA","Desolation IPA (Amnesia Brewing Company)"
"97",97,0.059,NA,2592,"Liberty Ale","American IPA",35,12,"American IPA",36,"Anchor Brewing Company","San Francisco","CA","Liberty Ale (Anchor Brewing Company)"
"98",98,0.065,NA,2578,"IPA","American IPA",35,12,"American IPA",36,"Anchor Brewing Company","San Francisco","CA","IPA (Anchor Brewing Company)"
"99",99,0.045,NA,2577,"Summer Wheat","American Pale Wheat Ale",35,12,"American Pale Wheat Ale",36,"Anchor Brewing Company","San Francisco","CA","Summer Wheat (Anchor Brewing Company)"
"100",100,0.049,NA,2103,"California Lager","American Amber / Red Lager",35,12,NA,36,"Anchor Brewing Company","San Francisco","CA","California Lager (Anchor Brewing Company)"
"101",101,0.0559999999999999,NA,2102,"Brotherhood Steam","California Common / Steam Beer",35,12,NA,36,"Anchor Brewing Company","San Francisco","CA","Brotherhood Steam (Anchor Brewing Company)"
"102",102,0.042,NA,2291,"Blood Orange Gose","Gose",171,12,NA,172,"Anderson Valley Brewing Company","Boonville","CA","Blood Orange Gose (Anderson Valley Brewing Company)"
"103",103,0.042,NA,1818,"Keebarlin' Pale Ale","American Pale Ale (APA)",171,12,"American Pale Ale (APA)",172,"Anderson Valley Brewing Company","Boonville","CA","Keebarlin' Pale Ale (Anderson Valley Brewing Company)"
"104",104,0.048,NA,1738,"the Kimmie, the Yink and the Holy Gose","Gose",171,12,NA,172,"Anderson Valley Brewing Company","Boonville","CA","the Kimmie, the Yink and the Holy Gose (Anderson Valley Brewing Company)"
"105",105,0.06,NA,1563,"Fall Hornin'","Pumpkin Ale",171,12,NA,172,"Anderson Valley Brewing Company","Boonville","CA","Fall Hornin' (Anderson Valley Brewing Company)"
"106",106,0.057,13,1520,"Barney Flats Oatmeal Stout","Oatmeal Stout",171,12,NA,172,"Anderson Valley Brewing Company","Boonville","CA","Barney Flats Oatmeal Stout (Anderson Valley Brewing Company)"
"107",107,0.0559999999999999,4,1350,"Summer Solstice","Cream Ale",171,12,NA,172,"Anderson Valley Brewing Company","Boonville","CA","Summer Solstice (Anderson Valley Brewing Company)"
"108",108,0.07,80,1327,"Hop Ottin' IPA","American IPA",171,12,"American IPA",172,"Anderson Valley Brewing Company","Boonville","CA","Hop Ottin' IPA (Anderson Valley Brewing Company)"
"109",109,0.0579999999999999,15,1326,"Boont Amber Ale","American Amber / Red Ale",171,12,"American Amber / Red Ale",172,"Anderson Valley Brewing Company","Boonville","CA","Boont Amber Ale (Anderson Valley Brewing Company)"
"110",110,0.057,13,1221,"Barney Flats Oatmeal Stout","Oatmeal Stout",171,12,NA,172,"Anderson Valley Brewing Company","Boonville","CA","Barney Flats Oatmeal Stout (Anderson Valley Brewing Company)"
"111",111,0.055,25,1217,"El Steinber Dark Lager","Vienna Lager",171,16,NA,172,"Anderson Valley Brewing Company","Boonville","CA","El Steinber Dark Lager (Anderson Valley Brewing Company)"
"112",112,0.0579999999999999,15,811,"Boont Amber Ale (2010)","American Amber / Red Ale",171,12,"American Amber / Red Ale",172,"Anderson Valley Brewing Company","Boonville","CA","Boont Amber Ale (2010) (Anderson Valley Brewing Company)"
"113",113,0.0559999999999999,4,753,"Summer Solstice Cerveza Crema (2009)","Cream Ale",171,12,NA,172,"Anderson Valley Brewing Company","Boonville","CA","Summer Solstice Cerveza Crema (2009) (Anderson Valley Brewing Company)"
"114",114,0.057,13,572,"Barney Flats Oatmeal Stout (2012)","Oatmeal Stout",171,12,NA,172,"Anderson Valley Brewing Company","Boonville","CA","Barney Flats Oatmeal Stout (2012) (Anderson Valley Brewing Company)"
"115",115,0.069,6,523,"Winter Solstice","Winter Warmer",171,12,NA,172,"Anderson Valley Brewing Company","Boonville","CA","Winter Solstice (Anderson Valley Brewing Company)"
"116",116,0.07,80,367,"Hop Ottin' IPA (2011)","American IPA",171,12,"American IPA",172,"Anderson Valley Brewing Company","Boonville","CA","Hop Ottin' IPA (2011) (Anderson Valley Brewing Company)"
"117",117,0.0579999999999999,15,78,"Boont Amber Ale (2011)","American Amber / Red Ale",171,12,"American Amber / Red Ale",172,"Anderson Valley Brewing Company","Boonville","CA","Boont Amber Ale (2011) (Anderson Valley Brewing Company)"
"118",118,0.0559999999999999,4,77,"Summer Solstice (2011)","Cream Ale",171,12,NA,172,"Anderson Valley Brewing Company","Boonville","CA","Summer Solstice (2011) (Anderson Valley Brewing Company)"
"119",119,0.055,28,76,"Poleeko Gold Pale Ale (2009)","American Pale Ale (APA)",171,12,"American Pale Ale (APA)",172,"Anderson Valley Brewing Company","Boonville","CA","Poleeko Gold Pale Ale (2009) (Anderson Valley Brewing Company)"
"120",120,0.06,NA,2337,"Charlie's Rye IPA","American IPA",146,16,"American IPA",147,"Angry Minnow","Hayward","WI","Charlie's Rye IPA (Angry Minnow)"
"121",121,0.054,NA,410,"River Pig Pale Ale","American Pale Ale (APA)",542,16,"American Pale Ale (APA)",543,"Angry Minnow Brewing Company","Hayward","WI","River Pig Pale Ale (Angry Minnow Brewing Company)"
"122",122,0.047,NA,409,"Oaky's Oatmeal Stout","Oatmeal Stout",542,16,NA,543,"Angry Minnow Brewing Company","Hayward","WI","Oaky's Oatmeal Stout (Angry Minnow Brewing Company)"
"123",123,0.05,NA,1294,"Angry Orchard Apple Ginger","Cider",434,16,NA,435,"Angry Orchard Cider Company","Cincinnati","OH","Angry Orchard Apple Ginger (Angry Orchard Cider Company)"
"124",124,0.05,NA,1293,"Angry Orchard Crisp Apple","Cider",434,16,NA,435,"Angry Orchard Cider Company","Cincinnati","OH","Angry Orchard Crisp Apple (Angry Orchard Cider Company)"
"125",125,0.05,NA,1292,"Angry Orchard Crisp Apple","Cider",434,12,NA,435,"Angry Orchard Cider Company","Cincinnati","OH","Angry Orchard Crisp Apple (Angry Orchard Cider Company)"
"126",126,0.068,NA,2207,"Golden One","Belgian Pale Ale",193,12,NA,194,"Anthem Brewing Company","Oklahoma City","OK","Golden One (Anthem Brewing Company)"
"127",127,0.06,NA,2040,"Arjuna","Witbier",193,12,NA,194,"Anthem Brewing Company","Oklahoma City","OK","Arjuna (Anthem Brewing Company)"
"128",128,0.085,NA,2039,"Uroboros","American Stout",193,12,NA,194,"Anthem Brewing Company","Oklahoma City","OK","Uroboros (Anthem Brewing Company)"
"129",129,0.071,75,2511,"Long Leaf","American IPA",69,16,"American IPA",70,"Appalachian Mountain Brewery","Boone","NC","Long Leaf (Appalachian Mountain Brewery)"
"130",130,0.047,19,2510,"Honey Badger Blonde","American Blonde Ale",69,16,"American Blonde Ale",70,"Appalachian Mountain Brewery","Boone","NC","Honey Badger Blonde (Appalachian Mountain Brewery)"
"131",131,0.06,23,2509,"Porter (a/k/a Black Gold Porter)","American Porter",69,16,NA,70,"Appalachian Mountain Brewery","Boone","NC","Porter (a/k/a Black Gold Porter) (Appalachian Mountain Brewery)"
"132",132,0.06,55,413,"Sky High Rye","American Pale Ale (APA)",541,12,"American Pale Ale (APA)",542,"Arcadia Brewing Company","Battle Creek","MI","Sky High Rye (Arcadia Brewing Company)"
"133",133,0.062,17,390,"Whitsun","American Pale Wheat Ale",541,12,"American Pale Wheat Ale",542,"Arcadia Brewing Company","Battle Creek","MI","Whitsun (Arcadia Brewing Company)"
"134",134,0.052,NA,735,"On-On Ale (2008)","American Pale Ale (APA)",513,12,"American Pale Ale (APA)",514,"Arctic Craft Brewery","Colorado Springs","CO","On-On Ale (2008) (Arctic Craft Brewery)"
"135",135,0.092,50,1333,"Quakertown Stout","American Double / Imperial Stout",426,12,NA,427,"Armadillo Ale Works","Denton","TX","Quakertown Stout (Armadillo Ale Works)"
"136",136,0.051,20,1332,"Greenbelt Farmhouse Ale","Saison / Farmhouse Ale",426,12,NA,427,"Armadillo Ale Works","Denton","TX","Greenbelt Farmhouse Ale (Armadillo Ale Works)"
"137",137,0.052,10,1172,"Mo's Gose","Gose",461,16,NA,462,"Armstrong Brewing Company","South San Francisco","CA","Mo's Gose (Armstrong Brewing Company)"
"138",138,0.07,45,1322,"Green Bullet Organic India Pale Ale","American IPA",429,16,"American IPA",430,"Asher Brewing Company","Boulder","CO","Green Bullet Organic India Pale Ale (Asher Brewing Company)"
"139",139,0.032,27,550,"Rocket Girl","KÃ¶lsch",528,12,NA,529,"Asheville Brewing Company","Asheville","NC","Rocket Girl (Asheville Brewing Company)"
"140",140,0.053,26,429,"Ninja Porter","American Porter",528,12,NA,529,"Asheville Brewing Company","Asheville","NC","Ninja Porter (Asheville Brewing Company)"
"141",141,0.06,69,428,"Shiva IPA","American IPA",528,12,"American IPA",529,"Asheville Brewing Company","Asheville","NC","Shiva IPA (Asheville Brewing Company)"
"142",142,0.048,NA,1640,"Aslan KÃ¶lsch","KÃ¶lsch",353,16,NA,354,"Aslan Brewing Company","Bellingham","WA","Aslan KÃ¶lsch (Aslan Brewing Company)"
"143",143,0.077,NA,1639,"Aslan IPA","American IPA",353,16,"American IPA",354,"Aslan Brewing Company","Bellingham","WA","Aslan IPA (Aslan Brewing Company)"
"144",144,0.077,NA,1638,"Aslan Amber","American Amber / Red Ale",353,16,"American Amber / Red Ale",354,"Aslan Brewing Company","Bellingham","WA","Aslan Amber (Aslan Brewing Company)"
"145",145,0.0559999999999999,27,597,"This Season's Blonde","American Blonde Ale",523,12,"American Blonde Ale",524,"Aspen Brewing Company","Aspen","CO","This Season's Blonde (Aspen Brewing Company)"
"146",146,0.07,67,596,"Independence Pass Ale","American IPA",523,12,"American IPA",524,"Aspen Brewing Company","Aspen","CO","Independence Pass Ale (Aspen Brewing Company)"
"147",147,0.057,40,1580,"Trolley Stop Stout","American Stout",374,12,NA,375,"Astoria Brewing Company","Astoria","OR","Trolley Stop Stout (Astoria Brewing Company)"
"148",148,0.0819999999999999,138,980,"Bitter Bitch Imperial IPA","American Double / Imperial IPA",374,12,"American Double / Imperial IPA",375,"Astoria Brewing Company","Astoria","OR","Bitter Bitch Imperial IPA (Astoria Brewing Company)"
"149",149,0.062,35,979,"Poop Deck Porter","American Porter",374,12,NA,375,"Astoria Brewing Company","Astoria","OR","Poop Deck Porter (Astoria Brewing Company)"
"150",150,0.06,35,978,"Old Red Beard Amber Ale","American Amber / Red Ale",374,12,"American Amber / Red Ale",375,"Astoria Brewing Company","Astoria","OR","Old Red Beard Amber Ale (Astoria Brewing Company)"
"151",151,0.075,115,2503,"Hop A-Peel","American Double / Imperial IPA",72,16,"American Double / Imperial IPA",73,"Atwater Brewery","Detroit","MI","Hop A-Peel (Atwater Brewery)"
"152",152,0.055,12,2502,"Vanilla Java Porter","American Porter",72,16,NA,73,"Atwater Brewery","Detroit","MI","Vanilla Java Porter (Atwater Brewery)"
"153",153,0.052,NA,2495,"Michelada","Fruit / Vegetable Beer",72,16,NA,73,"Atwater Brewery","Detroit","MI","Michelada (Atwater Brewery)"
"154",154,0.045,8,534,"Dirty Blonde Ale","American Blonde Ale",72,12,"American Blonde Ale",73,"Atwater Brewery","Detroit","MI","Dirty Blonde Ale (Atwater Brewery)"
"155",155,0.05,62,528,"Grand Circus IPA","American IPA",72,12,"American IPA",73,"Atwater Brewery","Detroit","MI","Grand Circus IPA (Atwater Brewery)"
"156",156,0.05,12,527,"Atwater's Lager","Munich Helles Lager",72,12,NA,73,"Atwater Brewery","Detroit","MI","Atwater's Lager (Atwater Brewery)"
"157",157,0.07,NA,1409,"Heavy Machinery IPA Series #1: Heavy Fist","American Black Ale",413,16,NA,414,"Austin Beerworks","Austin","TX","Heavy Machinery IPA Series #1: Heavy Fist (Austin Beerworks)"
"158",158,0.062,NA,343,"Fire Eagle IPA","American IPA",413,12,"American IPA",414,"Austin Beerworks","Austin","TX","Fire Eagle IPA (Austin Beerworks)"
"159",159,0.051,NA,342,"Peacemaker","American Pale Ale (APA)",413,12,"American Pale Ale (APA)",414,"Austin Beerworks","Austin","TX","Peacemaker (Austin Beerworks)"
"160",160,0.053,NA,341,"Pearl-Snap","German Pilsener",413,12,NA,414,"Austin Beerworks","Austin","TX","Pearl-Snap (Austin Beerworks)"
"161",161,0.052,NA,340,"Black Thunder","Schwarzbier",413,12,NA,414,"Austin Beerworks","Austin","TX","Black Thunder (Austin Beerworks)"
"162",162,0.08,NA,2589,"Raja","American Double / Imperial IPA",37,12,"American Double / Imperial IPA",38,"Avery Brewing Company","Boulder","CO","Raja (Avery Brewing Company)"
"163",163,0.064,NA,2546,"Perzik Saison","Saison / Farmhouse Ale",37,12,NA,38,"Avery Brewing Company","Boulder","CO","Perzik Saison (Avery Brewing Company)"
"164",164,0.047,42,146,"Avery Joeâ€™s Premium American Pilsner","German Pilsener",37,12,NA,38,"Avery Brewing Company","Boulder","CO","Avery Joeâ€™s Premium American Pilsner (Avery Brewing Company)"
"165",165,0.0559999999999999,10,108,"White Rascal","Witbier",37,12,NA,38,"Avery Brewing Company","Boulder","CO","White Rascal (Avery Brewing Company)"
"166",166,0.063,69,107,"Avery India Pale Ale","American IPA",37,12,"American IPA",38,"Avery Brewing Company","Boulder","CO","Avery India Pale Ale (Avery Brewing Company)"
"167",167,0.055,17,106,"Ellieâ€™s Brown Ale","American Brown Ale",37,12,NA,38,"Avery Brewing Company","Boulder","CO","Ellieâ€™s Brown Ale (Avery Brewing Company)"
"168",168,0.062,17,1620,"Pumpkin Beast","Pumpkin Ale",360,12,NA,361,"Aviator Brewing Company","Fuquay-Varina","NC","Pumpkin Beast (Aviator Brewing Company)"
"169",169,0.072,22,1579,"OktoberBeast","MÃ¤rzen / Oktoberfest",360,12,NA,361,"Aviator Brewing Company","Fuquay-Varina","NC","OktoberBeast (Aviator Brewing Company)"
"170",170,0.048,23,1228,"Mad Beach","American Pale Wheat Ale",360,12,"American Pale Wheat Ale",361,"Aviator Brewing Company","Fuquay-Varina","NC","Mad Beach (Aviator Brewing Company)"
"171",171,0.067,NA,705,"Hog Wild India Pale Ale","American IPA",360,12,"American IPA",361,"Aviator Brewing Company","Fuquay-Varina","NC","Hog Wild India Pale Ale (Aviator Brewing Company)"
"172",172,0.092,5,704,"Devils Tramping Ground Tripel","Tripel",360,12,NA,361,"Aviator Brewing Company","Fuquay-Varina","NC","Devils Tramping Ground Tripel (Aviator Brewing Company)"
"173",173,0.061,41,702,"Hot Rod Red","American Amber / Red Ale",360,12,"American Amber / Red Ale",361,"Aviator Brewing Company","Fuquay-Varina","NC","Hot Rod Red (Aviator Brewing Company)"
"174",174,0.086,NA,2058,"Palate Mallet","American Double / Imperial IPA",235,12,"American Double / Imperial IPA",236,"Back East Brewing Company","Bloomfield","CT","Palate Mallet (Back East Brewing Company)"
"175",175,0.06,NA,1483,"Back East Porter","American Porter",235,12,NA,236,"Back East Brewing Company","Bloomfield","CT","Back East Porter (Back East Brewing Company)"
"176",176,0.049,NA,1426,"Back East Golden Ale","American Blonde Ale",235,12,"American Blonde Ale",236,"Back East Brewing Company","Bloomfield","CT","Back East Golden Ale (Back East Brewing Company)"
"177",177,0.07,NA,1132,"Misty Mountain IPA","American IPA",235,12,"American IPA",236,"Back East Brewing Company","Bloomfield","CT","Misty Mountain IPA (Back East Brewing Company)"
"178",178,0.05,NA,1131,"Back East Ale","American Amber / Red Ale",235,12,"American Amber / Red Ale",236,"Back East Brewing Company","Bloomfield","CT","Back East Ale (Back East Brewing Company)"
"179",179,0.06,NA,1876,"Truck Stop Honey Brown Ale","English Brown Ale",286,12,NA,287,"Back Forty Beer Company","Gadsden","AL","Truck Stop Honey Brown Ale (Back Forty Beer Company)"
"180",180,0.06,43,1875,"Naked Pig Pale Ale","American Pale Ale (APA)",286,12,"American Pale Ale (APA)",287,"Back Forty Beer Company","Gadsden","AL","Naked Pig Pale Ale (Back Forty Beer Company)"
"181",181,0.068,70,966,"Topcutter India Pale Ale","American IPA",483,12,"American IPA",484,"Bale Breaker Brewing Company","Yakima","WA","Topcutter India Pale Ale (Bale Breaker Brewing Company)"
"182",182,0.044,38,965,"Field 41 Pale Ale","American Pale Ale (APA)",483,12,"American Pale Ale (APA)",484,"Bale Breaker Brewing Company","Yakima","WA","Field 41 Pale Ale (Bale Breaker Brewing Company)"
"183",183,0.07,NA,2593,"Grapefruit Sculpin","American IPA",34,12,"American IPA",35,"Ballast Point Brewing Company","San Diego","CA","Grapefruit Sculpin (Ballast Point Brewing Company)"
"184",184,0.038,40,2105,"Even Keel","American IPA",34,12,"American IPA",35,"Ballast Point Brewing Company","San Diego","CA","Even Keel (Ballast Point Brewing Company)"
"185",185,0.052,23,1401,"Ballast Point Pale Ale","KÃ¶lsch",34,12,NA,35,"Ballast Point Brewing Company","San Diego","CA","Ballast Point Pale Ale (Ballast Point Brewing Company)"
"186",186,0.07,75,1400,"Big Eye India Pale Ale","American IPA",34,12,"American IPA",35,"Ballast Point Brewing Company","San Diego","CA","Big Eye India Pale Ale (Ballast Point Brewing Company)"
"187",187,0.046,NA,1019,"Longfin Lager","Munich Helles Lager",34,12,NA,35,"Ballast Point Brewing Company","San Diego","CA","Longfin Lager (Ballast Point Brewing Company)"
"188",188,0.07,70,1018,"Sculpin IPA","American IPA",34,12,"American IPA",35,"Ballast Point Brewing Company","San Diego","CA","Sculpin IPA (Ballast Point Brewing Company)"
"189",189,0.045,NA,1776,"All Nighter Ale","Extra Special / Strong Bitter (ESB)",318,12,NA,319,"Banner Beer Company","Williamsburg","MA","All Nighter Ale (Banner Beer Company)"
"190",190,0.045,20,1644,"Banner American Rye","Rye Beer",318,12,NA,319,"Banner Beer Company","Williamsburg","MA","Banner American Rye (Banner Beer Company)"
"191",191,0.035,45,1643,"Banner American Ale","American Amber / Red Ale",318,12,"American Amber / Red Ale",319,"Banner Beer Company","Williamsburg","MA","Banner American Ale (Banner Beer Company)"
"192",192,0.07,46,2618,"Thai.p.a","American IPA",20,16,"American IPA",21,"Bare Hands Brewery","Granger","IN","Thai.p.a (Bare Hands Brewery)"
"193",193,0.06,60,2005,"Barrio Blanco","American IPA",251,12,"American IPA",252,"Barrio Brewing Company","Tucson","AZ","Barrio Blanco (Barrio Brewing Company)"
"194",194,0.045,NA,1343,"Barrio Tucson Blonde","American Blonde Ale",251,12,"American Blonde Ale",252,"Barrio Brewing Company","Tucson","AZ","Barrio Tucson Blonde (Barrio Brewing Company)"
"195",195,0.049,22,2404,"Hop in the â€˜Pool Helles","American Pilsner",116,12,NA,117,"Base Camp Brewing Co.","Portland","OR","Hop in the â€˜Pool Helles (Base Camp Brewing Co.)"
"196",196,0.067,60,2323,"Ultra Gnar Gnar IPA","American IPA",116,12,"American IPA",117,"Base Camp Brewing Co.","Portland","OR","Ultra Gnar Gnar IPA (Base Camp Brewing Co.)"
"197",197,0.068,62,2189,"In-Tents India Pale Lager","American Pale Lager",116,12,NA,117,"Base Camp Brewing Co.","Portland","OR","In-Tents India Pale Lager (Base Camp Brewing Co.)"
"198",198,0.05,20,2188,"Lost Meridian Wit","Witbier",116,12,NA,117,"Base Camp Brewing Co.","Portland","OR","Lost Meridian Wit (Base Camp Brewing Co.)"
"199",199,0.051,45,2187,"Celestial Meridian Cascadian Dark Lager","Euro Dark Lager",116,12,NA,117,"Base Camp Brewing Co.","Portland","OR","Celestial Meridian Cascadian Dark Lager (Base Camp Brewing Co.)"
"200",200,0.054,55,1966,"Wagon Party","California Common / Steam Beer",258,12,NA,259,"Bauhaus Brew Labs","Minneapolis","MN","Wagon Party (Bauhaus Brew Labs)"
"201",201,0.067,70,1965,"Sky-Five","American IPA",258,12,"American IPA",259,"Bauhaus Brew Labs","Minneapolis","MN","Sky-Five (Bauhaus Brew Labs)"
"202",202,0.05,28,1964,"Stargrazer","Schwarzbier",258,12,NA,259,"Bauhaus Brew Labs","Minneapolis","MN","Stargrazer (Bauhaus Brew Labs)"
"203",203,0.054,48,1963,"Wonderstuff","German Pilsener",258,12,NA,259,"Bauhaus Brew Labs","Minneapolis","MN","Wonderstuff (Bauhaus Brew Labs)"
"204",204,0.053,NA,1855,"Tarnation California-Style Lager","California Common / Steam Beer",292,12,NA,293,"Baxter Brewing Company","Lewiston","ME","Tarnation California-Style Lager (Baxter Brewing Company)"
"205",205,0.07,42,1778,"On the Count of 3 (2015)","Hefeweizen",292,16,NA,293,"Baxter Brewing Company","Lewiston","ME","On the Count of 3 (2015) (Baxter Brewing Company)"
"206",206,0.047,NA,1209,"Summer Swelter","American Pale Wheat Ale",292,12,"American Pale Wheat Ale",293,"Baxter Brewing Company","Lewiston","ME","Summer Swelter (Baxter Brewing Company)"
"207",207,0.068,NA,954,"Phantom Punch Winter Stout","Foreign / Export Stout",292,12,NA,293,"Baxter Brewing Company","Lewiston","ME","Phantom Punch Winter Stout (Baxter Brewing Company)"
"208",208,0.066,NA,910,"Hayride Autumn Ale","Rye Beer",292,12,NA,293,"Baxter Brewing Company","Lewiston","ME","Hayride Autumn Ale (Baxter Brewing Company)"
"209",209,0.047,NA,707,"Celsius Summer Ale (2012)","American Pale Wheat Ale",292,12,"American Pale Wheat Ale",293,"Baxter Brewing Company","Lewiston","ME","Celsius Summer Ale (2012) (Baxter Brewing Company)"
"210",210,0.055,35,533,"Amber Road","American Amber / Red Ale",292,12,"American Amber / Red Ale",293,"Baxter Brewing Company","Lewiston","ME","Amber Road (Baxter Brewing Company)"
"211",211,0.049,28,183,"Pamola Xtra Pale Ale","American Pale Ale (APA)",292,12,"American Pale Ale (APA)",293,"Baxter Brewing Company","Lewiston","ME","Pamola Xtra Pale Ale (Baxter Brewing Company)"
"212",212,0.069,69,182,"Stowaway IPA","American IPA",292,12,"American IPA",293,"Baxter Brewing Company","Lewiston","ME","Stowaway IPA (Baxter Brewing Company)"
"213",213,0.088,108,1806,"Hoptopus Double IPA","American Double / Imperial IPA",306,16,"American Double / Imperial IPA",307,"Beach Brewing Company","Virginia Beach","VA","Hoptopus Double IPA (Beach Brewing Company)"
"214",214,0.05,10,2435,"Watermelon Ale","Fruit / Vegetable Beer",103,12,NA,104,"Beer Works Brewery","Lowell","MA","Watermelon Ale (Beer Works Brewery)"
"215",215,0.0579999999999999,45,2423,"Fenway American Pale Ale","American Pale Ale (APA)",103,12,"American Pale Ale (APA)",104,"Beer Works Brewery","Lowell","MA","Fenway American Pale Ale (Beer Works Brewery)"
"216",216,0.068,85,2420,"Back Bay IPA","American IPA",103,12,"American IPA",104,"Beer Works Brewery","Lowell","MA","Back Bay IPA (Beer Works Brewery)"
"217",217,0.048,16,2419,"Bunker Hill Blueberry Ale","Other",103,12,NA,104,"Beer Works Brewery","Lowell","MA","Bunker Hill Blueberry Ale (Beer Works Brewery)"
"218",218,0.0579999999999999,NA,2494,"Oberon","American Pale Wheat Ale",76,12,"American Pale Wheat Ale",77,"Bell's Brewery","Kalamazoo","MI","Oberon (Bell's Brewery)"
"219",219,0.06,NA,2325,"Smitten","Rye Beer",76,16,NA,77,"Bell's Brewery","Kalamazoo","MI","Smitten (Bell's Brewery)"
"220",220,0.05,NA,2022,"Winter White","Witbier",76,16,NA,77,"Bell's Brewery","Kalamazoo","MI","Winter White (Bell's Brewery)"
"221",221,0.0579999999999999,NA,1989,"Oberon","American Pale Wheat Ale",76,16,"American Pale Wheat Ale",77,"Bell's Brewery","Kalamazoo","MI","Oberon (Bell's Brewery)"
"222",222,0.07,NA,1988,"Two Hearted","American IPA",76,16,"American IPA",77,"Bell's Brewery","Kalamazoo","MI","Two Hearted (Bell's Brewery)"
"223",223,0.0579999999999999,NA,1955,"Best Brown","American Brown Ale",76,16,NA,77,"Bell's Brewery","Kalamazoo","MI","Best Brown (Bell's Brewery)"
"224",224,0.044,44,2558,"Moar","English India Pale Ale (IPA)",53,12,NA,54,"Bent Brewstillery","Roseville","MN","Moar (Bent Brewstillery)"
"225",225,0.083,NA,2557,"Uber Lupin Schwarz IPA","American Double / Imperial IPA",53,16,"American Double / Imperial IPA",54,"Bent Brewstillery","Roseville","MN","Uber Lupin Schwarz IPA (Bent Brewstillery)"
"226",226,0.057,27,2556,"Nordic Blonde","American Blonde Ale",53,12,"American Blonde Ale",54,"Bent Brewstillery","Roseville","MN","Nordic Blonde (Bent Brewstillery)"
"227",227,0.06,NA,2496,"Cold Press","American Black Ale",75,12,NA,76,"Bent Paddle Brewing Company","Duluth","MN","Cold Press (Bent Paddle Brewing Company)"
"228",228,0.072,87,2410,"Harness the Winter","American IPA",75,12,"American IPA",76,"Bent Paddle Brewing Company","Duluth","MN","Harness the Winter (Bent Paddle Brewing Company)"
"229",229,0.0559999999999999,32,1902,"14Â° ESB","Extra Special / Strong Bitter (ESB)",75,12,NA,76,"Bent Paddle Brewing Company","Duluth","MN","14Â° ESB (Bent Paddle Brewing Company)"
"230",230,0.062,68,1901,"Bent Hop Golden IPA","American IPA",75,12,"American IPA",76,"Bent Paddle Brewing Company","Duluth","MN","Bent Hop Golden IPA (Bent Paddle Brewing Company)"
"231",231,0.06,34,1261,"Bent Paddle Black Ale","American Black Ale",75,12,NA,76,"Bent Paddle Brewing Company","Duluth","MN","Bent Paddle Black Ale (Bent Paddle Brewing Company)"
"232",232,0.05,38,1253,"Venture Pils","German Pilsener",75,12,NA,76,"Bent Paddle Brewing Company","Duluth","MN","Venture Pils (Bent Paddle Brewing Company)"
"233",233,0.055,40,1900,"Lost Sailor IPA","English India Pale Ale (IPA)",278,12,NA,279,"Berkshire Brewing Company","South Deerfield","MA","Lost Sailor IPA (Berkshire Brewing Company)"
"234",234,0.053,20,1317,"Steel Rail Extra Pale Ale","American Pale Ale (APA)",278,12,"American Pale Ale (APA)",279,"Berkshire Brewing Company","South Deerfield","MA","Steel Rail Extra Pale Ale (Berkshire Brewing Company)"
"235",235,0.078,NA,1158,"La Frontera Premium IPA","American IPA",463,12,"American IPA",464,"Big Bend Brewing Company","Alpine","TX","La Frontera Premium IPA (Big Bend Brewing Company)"
"236",236,0.047,NA,1157,"Tejas Lager","Czech Pilsener",463,12,NA,464,"Big Bend Brewing Company","Alpine","TX","Tejas Lager (Big Bend Brewing Company)"
"237",237,0.064,NA,1156,"Number 22 Porter","American Porter",463,12,NA,464,"Big Bend Brewing Company","Alpine","TX","Number 22 Porter (Big Bend Brewing Company)"
"238",238,0.0559999999999999,NA,1155,"Big Bend Hefeweizen","Hefeweizen",463,12,NA,464,"Big Bend Brewing Company","Alpine","TX","Big Bend Hefeweizen (Big Bend Brewing Company)"
"239",239,0.06,NA,1154,"Terlingua Gold","American Blonde Ale",463,12,"American Blonde Ale",464,"Big Bend Brewing Company","Alpine","TX","Terlingua Gold (Big Bend Brewing Company)"
"240",240,0.081,17,2104,"AprÃ¨ Shred","American Strong Ale",220,16,NA,221,"Big Choice Brewing","Broomfield","CO","AprÃ¨ Shred (Big Choice Brewing)"
"241",241,0.095,104,1762,"Hemlock Double IPA","American Double / Imperial IPA",220,12,"American Double / Imperial IPA",221,"Big Choice Brewing","Broomfield","CO","Hemlock Double IPA (Big Choice Brewing)"
"242",242,0.0409999999999999,NA,1422,"West Portal Colorado Common Summer Ale","California Common / Steam Beer",220,16,NA,221,"Big Choice Brewing","Broomfield","CO","West Portal Colorado Common Summer Ale (Big Choice Brewing)"
"243",243,0.067,85,1067,"Disconnected Red","American Amber / Red Ale",220,16,"American Amber / Red Ale",221,"Big Choice Brewing","Broomfield","CO","Disconnected Red (Big Choice Brewing)"
"244",244,0.07,NA,1003,"Big Elm IPA","American IPA",477,12,"American IPA",478,"Big Elm Brewing","Sheffield","MA","Big Elm IPA (Big Elm Brewing)"
"245",245,0.065,NA,1002,"Gerry Dog Stout","American Stout",477,12,NA,478,"Big Elm Brewing","Sheffield","MA","Gerry Dog Stout (Big Elm Brewing)"
"246",246,0.06,NA,1001,"413 Farmhouse Ale","Saison / Farmhouse Ale",477,12,NA,478,"Big Elm Brewing","Sheffield","MA","413 Farmhouse Ale (Big Elm Brewing)"
"247",247,0.08,54,2639,"Dark Star","American Stout",8,16,NA,9,"Big Lake Brewing","Holland","MI","Dark Star (Big Lake Brewing)"
"248",248,0.062,NA,2469,"Ryecoe","American IPA",8,16,"American IPA",9,"Big Lake Brewing","Holland","MI","Ryecoe (Big Lake Brewing)"
"249",249,0.06,NA,2586,"Blueberry Blonde","Fruit / Vegetable Beer",40,12,NA,41,"Big Muddy Brewing","Murphysboro","IL","Blueberry Blonde (Big Muddy Brewing)"
"250",250,0.075,60,2585,"Galaxy IPA","American IPA",40,16,"American IPA",41,"Big Muddy Brewing","Murphysboro","IL","Galaxy IPA (Big Muddy Brewing)"
"251",251,0.05,32,643,"Big River Pilsner","Czech Pilsener",519,12,NA,520,"Big River Brewing Company","Chattanooga","TN","Big River Pilsner (Big River Brewing Company)"